"system","scenario","scenario_type","phase1","phase2","transition","mean_risk","lower_risk","upper_risk"
"Direct-contact zoonoses","High (15 yr)","Pure baseline","high","high",0,0.499,0.468,0.528
"Direct-contact zoonoses","High→Low (yr 10)","Funding collapse","high","low",10,0.511,0.481,0.539
"Direct-contact zoonoses","High→Low (yr 5)","Funding collapse","high","low",5,0.551,0.524,0.575
"Direct-contact zoonoses","Low→High (yr 10)","Ramp-up","low","high",10,0.578,0.552,0.603
"Direct-contact zoonoses","Low→High (yr 5)","Ramp-up","low","high",5,0.54,0.514,0.566
"Direct-contact zoonoses","Moderate→High (yr 10)","Ramp-up","moderate","high",10,0.544,0.517,0.571
"Direct-contact zoonoses","Moderate→High (yr 5)","Ramp-up","moderate","high",5,0.523,0.495,0.551
"Mosquito-borne","High (15 yr)","Pure baseline","high","high",0,0.19,0.164,0.216
"Mosquito-borne","High→Low (yr 10)","Funding collapse","high","low",10,0.226,0.201,0.253
"Mosquito-borne","High→Low (yr 5)","Funding collapse","high","low",5,0.434,0.413,0.457
"Mosquito-borne","Low→High (yr 10)","Ramp-up","low","high",10,0.585,0.559,0.611
"Mosquito-borne","Low→High (yr 5)","Ramp-up","low","high",5,0.422,0.398,0.446
"Mosquito-borne","Moderate→High (yr 10)","Ramp-up","moderate","high",10,0.5,0.473,0.529
"Mosquito-borne","Moderate→High (yr 5)","Ramp-up","moderate","high",5,0.348,0.325,0.371
"Rodent-borne","High (15 yr)","Pure baseline","high","high",0,0.366,0.339,0.394
"Rodent-borne","High→Low (yr 10)","Funding collapse","high","low",10,0.386,0.362,0.412
"Rodent-borne","High→Low (yr 5)","Funding collapse","high","low",5,0.502,0.48,0.525
"Rodent-borne","Low→High (yr 10)","Ramp-up","low","high",10,0.591,0.559,0.624
"Rodent-borne","Low→High (yr 5)","Ramp-up","low","high",5,0.502,0.479,0.525
"Rodent-borne","Moderate→High (yr 10)","Ramp-up","moderate","high",10,0.481,0.448,0.514
"Rodent-borne","Moderate→High (yr 5)","Ramp-up","moderate","high",5,0.428,0.405,0.45
"Tick-borne","High (15 yr)","Pure baseline","high","high",0,0.431,0.376,0.487
"Tick-borne","High→Low (yr 10)","Funding collapse","high","low",10,0.463,0.413,0.515
"Tick-borne","High→Low (yr 5)","Funding collapse","high","low",5,0.571,0.528,0.614
"Tick-borne","Low→High (yr 10)","Ramp-up","low","high",10,0.674,0.625,0.723
"Tick-borne","Low→High (yr 5)","Ramp-up","low","high",5,0.573,0.529,0.616
"Tick-borne","Moderate→High (yr 10)","Ramp-up","moderate","high",10,0.588,0.54,0.638
"Tick-borne","Moderate→High (yr 5)","Ramp-up","moderate","high",5,0.52,0.474,0.567
